{"cameraMode":{"drawMode":0,"name":"Shaded","section":"Shading Mode"},"sceneLighting":false,"audioPlay":false,"sceneViewState":{"showFog":true,"showMaterialUpdate":true,"showSkybox":false,"showFlares":true,"showImageEffects":true,"showParticleSystems":true},"in2DMode":false,"pivot":{"x":10.270024299621582,"y":-0.04707980155944824,"z":10.064765930175782},"rotation":{"x":0.19778449833393098,"y":0.4532599151134491,"z":-0.10390406101942063,"w":0.862968385219574},"size":22.0,"orthographic":false}