{"cameraMode":{"drawMode":0,"name":"Shaded","section":"Shading Mode"},"sceneLighting":false,"audioPlay":false,"sceneViewState":{"showFog":true,"showMaterialUpdate":true,"showSkybox":false,"showFlares":true,"showImageEffects":true,"showParticleSystems":true},"in2DMode":false,"pivot":{"x":328.6430969238281,"y":276.103271484375,"z":-52.99212646484375},"rotation":{"x":0.012307971715927124,"y":0.006634862627834082,"z":-0.00013360790035221726,"w":0.9999479651451111},"size":472.1840515136719,"orthographic":false}