{"cameraMode":{"drawMode":0,"name":"Shaded","section":"Shading Mode"},"sceneLighting":false,"audioPlay":false,"sceneViewState":{"showFog":true,"showMaterialUpdate":true,"showSkybox":false,"showFlares":true,"showImageEffects":true,"showParticleSystems":true},"in2DMode":false,"pivot":{"x":16.087322235107423,"y":0.3800000548362732,"z":8.424800872802735},"rotation":{"x":0.23204758763313294,"y":0.03270252048969269,"z":-0.007840021513402462,"w":0.9721627235412598},"size":1.254000186920166,"orthographic":false}