{"cameraMode":{"drawMode":0,"name":"Shaded","section":"Shading Mode"},"sceneLighting":true,"audioPlay":false,"sceneViewState":{"showFog":true,"showMaterialUpdate":true,"showSkybox":true,"showFlares":true,"showImageEffects":true,"showParticleSystems":true},"in2DMode":false,"pivot":{"x":131.22874450683595,"y":20.737716674804689,"z":136.9652862548828},"rotation":{"x":-0.009291775524616242,"y":-0.954853355884552,"z":0.2957000434398651,"w":-0.030624689534306527},"size":394.1259460449219,"orthographic":false}